timestamp,caller_id,cpr,name,phone,hits,status,ip_address
"2026-04-30 15:43:09",1,404144766,"مشعل علي الكواري",32514764,95,active,130.49.109.28
"2026-04-30 15:43:09",2,914742096,"حصة فهد الشمري",36516834,59,active,7.13.190.239
"2026-04-30 15:43:09",3,669673030,"حمد علي آل نهيان",39688921,141,active,173.160.56.91
"2026-04-30 15:43:09",4,797615531,"سعد جاسم العجمي",35854970,129,active,89.207.15.72
"2026-04-30 15:43:09",5,026703952,"نورة إبراهيم العجمي",30581195,109,active,3.103.115.234
"2026-04-30 15:43:09",6,559690189,"صالح أحمد الحربي",38038924,109,active,116.51.110.63
"2026-04-30 15:43:09",7,650218968,"حمد سلمان الشمري",38589788,61,active,3.196.41.247
"2026-04-30 15:43:09",1,844105436,"صالح تركي بوجيري",31916012,109,active,165.96.71.12
"2026-04-30 15:43:09",2,421383563,"بدر خالد الغامدي",37637310,76,active,192.228.42.244
"2026-04-30 15:43:09",3,686251258,"جواهر مريم بوجيري",34097906,3,active,179.219.33.205
"2026-04-30 15:43:09",4,525326508,"لطيفة حصة السبيعي",34099225,148,active,188.251.99.20
"2026-04-30 15:43:09",5,139222818,"محمد عبدالله المناعي",39419855,117,active,127.40.231.254
"2026-04-30 15:43:09",6,650475733,"فهد سارة الشمري",32477087,6,active,110.115.171.46
"2026-04-30 15:43:09",7,560802988,"علي علي الذوادي",33409371,31,active,235.201.226.85
"2026-04-30 15:47:18",1,415999252,"ريم عبدالرحمن الصباح",33118559,134,active,41.204.178.194
"2026-04-30 15:47:18",2,954509888,"لطيفة لطيفة القحطاني",33228376,117,active,157.197.110.26
"2026-04-30 15:47:18",3,071084669,"صالح سلطان البوديري",34286460,16,active,225.175.220.139
"2026-04-30 15:47:18",4,548168918,"سارة لطيفة الجودر",31539615,44,active,119.200.31.220
"2026-04-30 15:47:18",5,283477663,"تركي إبراهيم العتيبي",31287044,43,active,68.170.143.131
"2026-04-30 15:47:18",6,981863619,"حصة خالد بوجيري",34697998,68,active,113.43.127.224
"2026-04-30 15:47:18",7,100971494,"يوسف يوسف الذوادي",32944419,105,active,14.65.165.120
"2026-04-30 15:47:18",1,722043843,"ناصر العنود الدوسري",33610839,8,active,96.9.110.156
"2026-04-30 15:47:18",2,442959142,"مشعل تركي البوديري",36152894,96,active,222.13.36.211
"2026-04-30 15:47:18",3,814849515,"مريم ياسر الخليفة",33519893,144,active,54.194.111.171
"2026-04-30 15:47:18",4,974850177,"ناصر خالد آل ثاني",31620965,147,active,65.253.31.245
"2026-04-30 15:47:18",5,560835789,"علي فاطمة العتيبي",37698077,149,active,245.121.195.213
"2026-04-30 15:47:18",6,192957654,"حصة إبراهيم المناعي",38996118,24,active,244.209.168.254
"2026-04-30 15:47:18",7,709380222,"تركي علي الذوادي",35873280,103,active,55.117.176.250
